{"cameraMode":{"drawMode":0,"name":"Shaded","section":"Shading Mode"},"sceneLighting":false,"audioPlay":false,"sceneViewState":{"m_AlwaysRefresh":false,"showFog":true,"showSkybox":true,"showFlares":true,"showImageEffects":true,"showParticleSystems":true,"showVisualEffectGraphs":true,"m_FxEnabled":true},"in2DMode":false,"pivot":{"x":23.50702476501465,"y":2.4572505950927736,"z":-15.21569538116455},"rotation":{"x":0.030933763831853868,"y":-0.9670483469963074,"z":0.2076367735862732,"w":0.14408838748931886},"size":3.3455591201782228,"orthographic":false}