{"cameraMode":{"drawMode":0,"name":"Shaded","section":"Shading Mode"},"sceneLighting":false,"audioPlay":false,"sceneViewState":{"m_AlwaysRefresh":false,"showFog":true,"showSkybox":true,"showFlares":true,"showImageEffects":true,"showParticleSystems":true,"showVisualEffectGraphs":true,"m_FxEnabled":true},"in2DMode":false,"pivot":{"x":37.444786071777347,"y":1.2020316123962403,"z":-19.332321166992189},"rotation":{"x":-0.008347755298018456,"y":0.9696922898292542,"z":-0.033468425273895267,"w":-0.24193140864372254},"size":5.813373565673828,"orthographic":false}