{"cameraMode":{"drawMode":0,"name":"Shaded","section":"Shading Mode"},"sceneLighting":true,"audioPlay":false,"sceneViewState":{"m_AlwaysRefresh":false,"showFog":true,"showSkybox":true,"showFlares":true,"showImageEffects":true,"showParticleSystems":true,"showVisualEffectGraphs":true,"m_FxEnabled":true},"in2DMode":false,"pivot":{"x":8.316462516784668,"y":3.1119580268859865,"z":24.833271026611329},"rotation":{"x":0.09286433458328247,"y":0.006869032513350248,"z":-0.000638204044662416,"w":0.9956631064414978},"size":11.562585830688477,"orthographic":false}