{"cameraMode":{"drawMode":0,"name":"Shaded","section":"Shading Mode"},"sceneLighting":true,"audioPlay":false,"sceneViewState":{"m_AlwaysRefresh":false,"showFog":true,"showSkybox":true,"showFlares":true,"showImageEffects":true,"showParticleSystems":true,"showVisualEffectGraphs":true,"m_FxEnabled":true},"in2DMode":false,"pivot":{"x":40.56541442871094,"y":1.5825551748275757,"z":-15.131562232971192},"rotation":{"x":-0.00009460819273954257,"y":0.9978319406509399,"z":-0.06595304608345032,"w":-0.0014986328314989806},"size":4.385899543762207,"orthographic":false}