{"cameraMode":{"drawMode":0,"name":"Shaded","section":"Shading Mode"},"sceneLighting":true,"audioPlay":false,"sceneViewState":{"m_AlwaysRefresh":false,"showFog":true,"showSkybox":true,"showFlares":true,"showImageEffects":true,"showParticleSystems":true,"showVisualEffectGraphs":true,"m_FxEnabled":true},"in2DMode":false,"pivot":{"x":39.8916130065918,"y":1.330068588256836,"z":19.99161148071289},"rotation":{"x":0.15684905648231507,"y":0.004737752489745617,"z":-0.0007531610317528248,"w":0.9876152873039246},"size":7.159652233123779,"orthographic":false}